Goal,Target,Indicator,SeriesCode,SeriesDescription,GeoAreaCode,GeoAreaName,Reporting Type,Sex,Units,2000,2001,2002,2003,2004,2005,2006,2007,2008,2009,2010,2011,2012,2013,2014,2015,2016,2017,2018,2019,2020,2021,2022,2023,,,,,,,,,,,,,,,,,,
5,5.5,5.5.1,SG_GEN_PARL,Proportion of seats held by women in national parliaments (% of total number of seats),4,Afghanistan,G,FEMALE,PERCENT,,,,,,,27.31,27.31,27.69,27.69,27.31,27.71,27.71,27.71,27.71,27.71,27.71,27.71,27.71,,27.02,27.02,27.02,NaN,,,,,,,,,,,,,,,,,,
5,5.5,5.5.1,SG_GEN_PARL,Proportion of seats held by women in national parliaments (% of total number of seats),8,Albania,G,FEMALE,PERCENT,5.16,5.16,5.71,5.71,5.71,6.43,7.14,7.14,7.14,7.14,16.43,16.43,15.71,15.71,20.00,20.71,20.71,22.86,27.86,29.29,29.51,29.51,35.71,35.71,,,,,,,,,,,,,,,,,,
5,5.5,5.5.1,SG_GEN_PARL,Proportion of seats held by women in national parliaments (% of total number of seats),12,Algeria,G,FEMALE,PERCENT,3.16,3.42,3.42,6.17,6.17,6.17,6.17,6.17,7.71,7.71,7.71,7.71,7.97,31.60,31.60,31.60,31.60,31.60,25.76,25.76,25.76,25.97,8.11,7.86,,,,,,,,,,,,,,,,,,
5,5.5,5.5.1,SG_GEN_PARL,Proportion of seats held by women in national parliaments (% of total number of seats),20,Andorra,G,FEMALE,PERCENT,7.14,7.14,14.29,14.29,14.29,14.29,28.57,28.57,25.00,25.00,35.71,35.71,50.00,50.00,50.00,50.00,39.29,32.14,32.14,32.14,46.43,46.43,46.43,46.43,,,,,,,,,,,,,,,,,,
5,5.5,5.5.1,SG_GEN_PARL,Proportion of seats held by women in national parliaments (% of total number of seats),24,Angola,G,FEMALE,PERCENT,15.45,15.45,15.45,15.45,15.45,15.00,15.00,15.00,15.00,37.27,38.64,38.64,38.18,34.09,36.82,36.82,36.82,38.18,30.45,30.00,30.00,29.55,29.55,33.64,,,,,,,,,,,,,,,,,,
5,5.5,5.5.1,SG_GEN_PARL,Proportion of seats held by women in national parliaments (% of total number of seats),28,Antigua and Barbuda,G,FEMALE,PERCENT,5.26,5.26,5.26,5.26,5.26,10.53,10.53,10.53,10.53,10.53,10.53,10.53,10.53,10.53,10.53,11.11,11.11,11.11,11.11,11.11,11.11,11.11,11.11,11.11,,,,,,,,,,,,,,,,,,
5,5.5,5.5.1,SG_GEN_PARL,Proportion of seats held by women in national parliaments (% of total number of seats),32,Argentina,G,FEMALE,PERCENT,28.02,26.46,30.74,30.74,30.74,33.73,36.19,35.02,40.00,40.00,38.52,38.52,37.35,37.35,36.58,36.19,35.80,38.91,38.91,38.82,40.86,42.41,44.75,44.75,,,,,,,,,,,,,,,,,,
5,5.5,5.5.1,SG_GEN_PARL,Proportion of seats held by women in national parliaments (% of total number of seats),51,Armenia,G,FEMALE,PERCENT,3.05,3.05,3.05,3.05,4.58,5.34,5.34,5.34,9.16,8.40,9.16,9.16,8.40,10.69,10.69,10.69,10.69,9.92,18.10,24.24,23.48,22.73,34.58,35.51,,,,,,,,,,,,,,,,,,
5,5.5,5.5.1,SG_GEN_PARL,Proportion of seats held by women in national parliaments (% of total number of seats),36,Australia,G,FEMALE,PERCENT,22.45,22.97,25.33,25.33,25.33,24.67,24.67,24.67,26.67,26.67,27.33,24.67,24.67,24.67,26.00,26.67,26.67,28.67,28.67,30.00,30.46,31.13,31.13,38.41,,,,,,,,,,,,,,,,,,
5,5.5,5.5.1,SG_GEN_PARL,Proportion of seats held by women in national parliaments (% of total number of seats),40,Austria,G,FEMALE,PERCENT,26.78,26.78,26.78,33.88,33.88,33.88,33.88,32.24,32.79,27.32,27.87,27.87,27.87,27.87,32.24,30.60,30.60,30.60,34.43,37.16,39.34,39.89,41.53,40.44,,,,,,,,,,,,,,,,,,
5,5.5,5.5.1,SG_GEN_PARL,Proportion of seats held by women in national parliaments (% of total number of seats),31,Azerbaijan,G,FEMALE,PERCENT,10.40,10.40,10.48,10.48,10.48,10.48,12.00,11.29,11.38,11.38,11.38,16.00,16.00,16.00,15.57,15.57,16.94,16.80,16.80,16.81,16.81,18.18,18.33,18.64,,,,,,,,,,,,,,,,,,
5,5.5,5.5.1,SG_GEN_PARL,Proportion of seats held by women in national parliaments (% of total number of seats),44,Bahamas,G,FEMALE,PERCENT,15.00,15.00,15.00,20.00,20.00,20.00,20.00,20.00,12.20,12.20,12.20,12.20,12.20,13.16,13.16,13.16,13.16,13.16,12.82,12.82,12.82,12.82,17.95,17.95,,,,,,,,,,,,,,,,,,
5,5.5,5.5.1,SG_GEN_PARL,Proportion of seats held by women in national parliaments (% of total number of seats),48,Bahrain,G,FEMALE,PERCENT,,,,0.00,0.00,0.00,0.00,2.50,2.50,2.50,2.50,2.50,10.00,10.00,10.00,7.50,7.50,7.50,7.50,15.00,15.00,15,15,20,,,,,,,,,,,,,,,,,,
5,5.5,5.5.1,SG_GEN_PARL,Proportion of seats held by women in national parliaments (% of total number of seats),50,Bangladesh,G,FEMALE,PERCENT,9.09,1.82,1.82,2.00,2.00,2.00,14.78,,,6.33,18.55,18.55,19.71,19.71,6.40,20.00,20.00,20.29,20.29,20.69,20.92,20.86,20.86,20.86,,,,,,,,,,,,,,,,,,
5,5.5,5.5.1,SG_GEN_PARL,Proportion of seats held by women in national parliaments (% of total number of seats),52,Barbados,G,FEMALE,PERCENT,10.71,10.71,10.71,10.71,13.33,13.33,13.33,13.33,10.00,10.00,10.00,10.00,10.00,10.00,16.67,16.67,16.67,16.67,16.67,20.00,20.00,20,20,26.67,,,,,,,,,,,,,,,,,,
5,5.5,5.5.1,SG_GEN_PARL,Proportion of seats held by women in national parliaments (% of total number of seats),112,Belarus,G,FEMALE,PERCENT,9.09,9.09,10.31,10.31,10.31,29.36,29.09,29.09,29.09,31.82,31.82,31.82,31.82,26.61,26.61,27.27,27.27,34.55,34.55,34.55,40.00,40,40,40,,,,,,,,,,,,,,,,,,
5,5.5,5.5.1,SG_GEN_PARL,Proportion of seats held by women in national parliaments (% of total number of seats),56,Belgium,G,FEMALE,PERCENT,23.33,23.33,23.33,23.33,35.33,34.67,34.67,34.67,35.33,35.33,38.00,39.33,38.00,38.00,41.33,39.33,39.33,38.00,38.00,38.00,40.67,42,42,42.67,,,,,,,,,,,,,,,,,,
5,5.5,5.5.1,SG_GEN_PARL,Proportion of seats held by women in national parliaments (% of total number of seats),84,Belize,G,FEMALE,PERCENT,6.90,6.90,6.90,6.90,3.33,6.67,6.67,6.67,3.33,0.00,0.00,0.00,0.00,3.13,3.13,3.13,3.13,9.38,9.38,9.38,9.38,12.5,12.5,15.62,,,,,,,,,,,,,,,,,,
5,5.5,5.5.1,SG_GEN_PARL,Proportion of seats held by women in national parliaments (% of total number of seats),204,Benin,G,FEMALE,PERCENT,6.02,6.02,6.02,6.02,7.23,7.23,7.23,7.23,10.84,10.84,10.84,10.84,8.43,8.43,8.43,8.43,7.23,7.23,7.23,7.23,7.23,8.43,7.41,7.41,,,,,,,,,,,,,,,,,,
5,5.5,5.5.1,SG_GEN_PARL,Proportion of seats held by women in national parliaments (% of total number of seats),64,Bhutan,G,FEMALE,PERCENT,2.00,9.33,9.33,9.33,9.33,9.33,9.33,2.67,2.67,8.51,8.51,8.51,8.51,8.51,8.51,8.51,8.51,8.51,8.51,14.89,14.89,14.89,17.39,17.39,,,,,,,,,,,,,,,,,,
5,5.5,5.5.1,SG_GEN_PARL,Proportion of seats held by women in national parliaments (% of total number of seats),68,Bolivia (Plurinational State of),G,FEMALE,PERCENT,11.54,11.54,11.54,18.46,18.46,19.23,16.92,16.92,16.92,16.92,22.31,25.38,25.38,25.38,25.38,53.08,53.08,53.08,53.08,53.08,53.08,46.15,46.15,46.15,,,,,,,,,,,,,,,,,,
5,5.5,5.5.1,SG_GEN_PARL,Proportion of seats held by women in national parliaments (% of total number of seats),70,Bosnia and Herzegovina,G,FEMALE,PERCENT,7.14,7.14,16.67,16.67,16.67,16.67,16.67,14.29,11.90,11.90,19.05,16.67,21.43,21.43,21.43,21.43,21.43,21.43,21.43,21.43,21.43,26.19,26.19,19.05,,,,,,,,,,,,,,,,,,
5,5.5,5.5.1,SG_GEN_PARL,Proportion of seats held by women in national parliaments (% of total number of seats),72,Botswana,G,FEMALE,PERCENT,17.02,17.02,17.02,17.02,17.02,11.11,11.11,11.11,11.11,11.11,7.94,7.94,7.94,7.94,9.52,9.52,9.52,9.52,9.52,9.52,10.77,10.77,11.11,11.11,,,,,,,,,,,,,,,,,,
5,5.5,5.5.1,SG_GEN_PARL,Proportion of seats held by women in national parliaments (% of total number of seats),76,Brazil,G,FEMALE,PERCENT,5.65,5.65,6.82,8.58,8.58,8.58,8.58,8.77,8.97,8.97,8.77,8.58,8.58,8.58,8.58,8.97,9.94,10.72,10.72,15.01,14.62,15.2,14.81,17.74,,,,,,,,,,,,,,,,,,
5,5.5,5.5.1,SG_GEN_PARL,Proportion of seats held by women in national parliaments (% of total number of seats),96,Brunei Darussalam,G,FEMALE,PERCENT,,,,,,,,,,,,,,,,,,9.09,9.09,9.09,9.09,9.09,9.09,9.09,,,,,,,,,,,,,,,,,,
5,5.5,5.5.1,SG_GEN_PARL,Proportion of seats held by women in national parliaments (% of total number of seats),100,Bulgaria,G,FEMALE,PERCENT,10.83,10.83,26.25,26.25,26.25,26.25,22.08,22.08,21.67,21.67,20.83,20.83,20.83,22.92,24.58,20.42,20.42,19.17,23.75,25.83,26.67,27.08,22.5,24.17,,,,,,,,,,,,,,,,,,
5,5.5,5.5.1,SG_GEN_PARL,Proportion of seats held by women in national parliaments (% of total number of seats),854,Burkina Faso,G,FEMALE,PERCENT,8.11,8.11,8.11,11.71,11.71,11.71,11.71,11.71,15.32,15.32,15.32,15.32,15.32,15.75,18.90,13.33,9.45,11.02,11.02,13.39,13.39,6.3,6.3,16.9,,,,,,,,,,,,,,,,,,
5,5.5,5.5.1,SG_GEN_PARL,Proportion of seats held by women in national parliaments (% of total number of seats),108,Burundi,G,FEMALE,PERCENT,5.98,14.41,19.53,18.44,18.44,18.44,30.51,30.51,30.51,30.51,31.36,32.08,30.48,30.48,30.48,30.48,36.36,36.36,36.36,36.36,36.36,38.21,38.21,38.21,,,,,,,,,,,,,,,,,,
5,5.5,5.5.1,SG_GEN_PARL,Proportion of seats held by women in national parliaments (% of total number of seats),132,Cabo Verde,G,FEMALE,PERCENT,11.11,11.11,11.11,11.11,11.11,11.11,15.28,15.28,18.06,18.06,18.06,18.06,20.83,20.83,20.83,20.83,20.83,23.61,23.61,23.61,25.00,26.39,38.89,41.67,,,,,,,,,,,,,,,,,,
5,5.5,5.5.1,SG_GEN_PARL,Proportion of seats held by women in national parliaments (% of total number of seats),116,Cambodia,G,FEMALE,PERCENT,8.20,7.38,7.38,7.38,9.76,9.76,9.76,9.76,19.51,16.26,21.14,21.14,20.33,20.33,20.33,20.33,20.33,20.33,20.33,20.00,20.00,21.6,20.8,20.8,,,,,,,,,,,,,,,,,,
5,5.5,5.5.1,SG_GEN_PARL,Proportion of seats held by women in national parliaments (% of total number of seats),120,Cameroon,G,FEMALE,PERCENT,5.56,5.56,5.56,8.89,8.89,8.89,8.89,8.89,13.89,13.89,13.89,13.89,13.89,13.89,31.11,31.11,31.11,31.11,31.11,31.11,31.11,33.89,33.89,33.89,,,,,,,,,,,,,,,,,,
5,5.5,5.5.1,SG_GEN_PARL,Proportion of seats held by women in national parliaments (% of total number of seats),124,Canada,G,FEMALE,PERCENT,20.60,20.60,20.60,20.60,20.60,21.10,20.78,20.78,21.31,22.08,22.08,22.08,24.76,24.68,25.08,25.16,26.04,26.27,27.00,26.95,28.99,29.59,30.47,30.65,,,,,,,,,,,,,,,,,,
5,5.5,5.5.1,SG_GEN_PARL,Proportion of seats held by women in national parliaments (% of total number of seats),140,Central African Republic,G,FEMALE,PERCENT,7.34,7.34,7.34,7.34,,,10.48,10.48,10.48,10.48,9.62,,12.50,12.50,,,,8.57,8.57,8.57,8.57,8.57,12.86,12.86,,,,,,,,,,,,,,,,,,
5,5.5,5.5.1,SG_GEN_PARL,Proportion of seats held by women in national parliaments (% of total number of seats),148,Chad,G,FEMALE,PERCENT,2.40,2.40,2.40,5.81,5.81,6.45,6.45,6.45,5.16,5.16,5.16,5.16,12.77,14.89,14.89,14.89,14.89,12.77,12.77,14.88,15.43,15.38,31.18,25.89,,,,,,,,,,,,,,,,,,
5,5.5,5.5.1,SG_GEN_PARL,Proportion of seats held by women in national parliaments (% of total number of seats),152,Chile,G,FEMALE,PERCENT,10.83,10.83,12.50,12.50,12.50,12.50,15.00,15.00,15.00,15.00,14.17,14.17,14.17,14.17,15.83,15.83,15.83,15.83,,22.58,22.58,22.58,35.48,35.48,,,,,,,,,,,,,,,,,,
5,5.5,5.5.1,SG_GEN_PARL,Proportion of seats held by women in national parliaments (% of total number of seats),156,China,G,FEMALE,PERCENT,21.82,21.78,21.78,21.78,20.23,20.23,20.27,20.27,20.62,21.33,21.33,21.33,21.32,21.32,23.40,23.62,23.62,23.70,24.25,24.94,24.94,24.94,24.94,24.94,,,,,,,,,,,,,,,,,,
5,5.5,5.5.1,SG_GEN_PARL,Proportion of seats held by women in national parliaments (% of total number of seats),170,Colombia,G,FEMALE,PERCENT,11.80,11.80,11.80,12.05,12.05,12.05,12.12,8.43,8.43,8.43,8.43,12.65,12.12,12.12,12.12,19.88,19.88,18.67,18.67,18.71,18.34,18.82,18.56,28.88,,,,,,,,,,,,,,,,,,
5,5.5,5.5.1,SG_GEN_PARL,Proportion of seats held by women in national parliaments (% of total number of seats),174,Comoros,G,FEMALE,PERCENT,,,,,,3.03,3.03,3.03,3.03,3.03,3.03,3.03,3.03,3.03,3.03,,3.03,6.06,6.06,6.06,6.06,16.67,16.67,16.67,,,,,,,,,,,,,,,,,,
5,5.5,5.5.1,SG_GEN_PARL,Proportion of seats held by women in national parliaments (% of total number of seats),178,Congo,G,FEMALE,PERCENT,12.00,12.00,12.00,9.30,8.53,8.53,8.53,8.53,7.30,7.30,7.30,7.30,7.30,7.35,7.35,7.35,7.35,7.35,11.26,11.26,11.26,11.26,11.26,14.57,,,,,,,,,,,,,,,,,,
5,5.5,5.5.1,SG_GEN_PARL,Proportion of seats held by women in national parliaments (% of total number of seats),188,Costa Rica,G,FEMALE,PERCENT,19.30,19.30,19.30,35.09,35.09,35.09,35.09,38.60,36.84,36.84,36.84,38.60,38.60,38.60,38.60,33.33,33.33,35.09,35.09,45.61,45.61,45.61,45.61,47.37,,,,,,,,,,,,,,,,,,
5,5.5,5.5.1,SG_GEN_PARL,Proportion of seats held by women in national parliaments (% of total number of seats),384,Côte d'Ivoire,G,FEMALE,PERCENT,8.52,8.44,8.52,8.52,8.52,8.52,8.52,8.52,8.87,8.87,8.87,8.87,11.02,10.44,9.45,9.16,9.16,11.46,10.59,10.98,11.95,11.37,14.17,13.73,,,,,,,,,,,,,,,,,,
5,5.5,5.5.1,SG_GEN_PARL,Proportion of seats held by women in national parliaments (% of total number of seats),191,Croatia,G,FEMALE,PERCENT,0.00,20.53,20.53,20.53,17.76,21.71,21.71,21.71,20.92,20.92,23.53,23.53,23.84,23.84,23.84,25.83,15.23,19.87,18.54,20.53,19.21,31.13,31.79,31.79,,,,,,,,,,,,,,,,,,
5,5.5,5.5.1,SG_GEN_PARL,Proportion of seats held by women in national parliaments (% of total number of seats),192,Cuba,G,FEMALE,PERCENT,27.62,27.62,27.62,35.96,35.96,35.96,35.96,35.96,43.16,43.16,43.16,43.16,45.22,45.22,48.86,48.86,48.86,48.86,48.86,53.22,53.22,53.41,53.41,53.41,,,,,,,,,,,,,,,,,,
5,5.5,5.5.1,SG_GEN_PARL,Proportion of seats held by women in national parliaments (% of total number of seats),196,Cyprus,G,FEMALE,PERCENT,5.36,7.14,10.71,10.71,10.71,16.07,16.07,14.29,14.29,14.29,12.50,12.50,10.71,10.71,12.50,12.50,12.50,17.86,17.86,17.86,19.64,21.43,14.29,14.29,,,,,,,,,,,,,,,,,,
5,5.5,5.5.1,SG_GEN_PARL,Proportion of seats held by women in national parliaments (% of total number of seats),203,Czechia,G,FEMALE,PERCENT,15.00,15.00,15.00,17.00,17.00,17.00,17.00,15.50,15.50,15.50,15.50,22.00,22.00,22.00,19.50,19.00,20.00,20.00,22.00,22.50,22.50,23,25.5,26,,,,,,,,,,,,,,,,,,
5,5.5,5.5.1,SG_GEN_PARL,Proportion of seats held by women in national parliaments (% of total number of seats),408,Democratic People's Republic of Korea,G,FEMALE,PERCENT,20.09,20.09,20.09,20.09,,20.09,20.09,20.09,20.09,20.09,15.58,15.58,15.58,15.58,15.58,16.30,16.30,16.30,16.30,16.30,17.61,17.61,17.61,17.61,,,,,,,,,,,,,,,,,,
5,5.5,5.5.1,SG_GEN_PARL,Proportion of seats held by women in national parliaments (% of total number of seats),180,Democratic Republic of the Congo,G,FEMALE,PERCENT,,,,,12.00,12.00,12.00,8.40,8.40,8.40,8.40,8.40,8.94,8.94,10.64,8.94,8.94,8.94,8.94,10.31,12.80,12.8,12.8,12.8,,,,,,,,,,,,,,,,,,
5,5.5,5.5.1,SG_GEN_PARL,Proportion of seats held by women in national parliaments (% of total number of seats),208,Denmark,G,FEMALE,PERCENT,37.43,37.43,37.99,37.99,37.99,37.99,36.87,36.87,37.99,37.99,37.99,37.99,39.11,39.11,39.11,37.99,37.43,37.43,37.43,37.43,39.66,39.66,39.66,43.58,,,,,,,,,,,,,,,,,,
5,5.5,5.5.1,SG_GEN_PARL,Proportion of seats held by women in national parliaments (% of total number of seats),262,Djibouti,G,FEMALE,PERCENT,0.00,0.00,0.00,10.77,10.77,10.77,10.77,10.77,13.85,13.85,13.85,13.85,13.85,13.85,12.73,12.73,12.73,10.77,10.77,26.15,26.15,26.15,26.15,26.15,,,,,,,,,,,,,,,,,,
5,5.5,5.5.1,SG_GEN_PARL,Proportion of seats held by women in national parliaments (% of total number of seats),212,Dominica,G,FEMALE,PERCENT,18.75,18.75,18.75,18.75,18.75,19.35,12.90,12.90,16.13,18.75,14.29,12.50,12.50,12.50,12.90,21.88,21.88,25.00,25.00,25.00,38.10,34.38,34.38,37.5,,,,,,,,,,,,,,,,,,
5,5.5,5.5.1,SG_GEN_PARL,Proportion of seats held by women in national parliaments (% of total number of seats),214,Dominican Republic,G,FEMALE,PERCENT,16.11,16.11,16.11,17.33,17.33,17.33,17.33,19.66,19.66,19.66,19.66,20.77,20.77,20.77,20.77,20.77,20.77,26.84,26.84,26.84,27.89,27.89,27.89,27.89,,,,,,,,,,,,,,,,,,
5,5.5,5.5.1,SG_GEN_PARL,Proportion of seats held by women in national parliaments (% of total number of seats),218,Ecuador,G,FEMALE,PERCENT,17.36,14.63,14.63,16.00,16.00,16.00,16.00,25.00,25.00,27.63,32.26,32.26,32.26,32.26,41.61,41.61,41.61,41.61,37.96,37.96,39.42,39.42,38.69,38.69,,,,,,,,,,,,,,,,,,
5,5.5,5.5.1,SG_GEN_PARL,Proportion of seats held by women in national parliaments (% of total number of seats),818,Egypt,G,FEMALE,PERCENT,,,,,,,,,,,,,,,,,14.93,14.93,14.93,14.93,15.10,27.41,27.7,27.53,,,,,,,,,,,,,,,,,,
5,5.5,5.5.1,SG_GEN_PARL,Proportion of seats held by women in national parliaments (% of total number of seats),222,El Salvador,G,FEMALE,PERCENT,16.67,9.52,9.52,9.52,10.71,10.71,10.71,16.67,16.67,19.05,19.05,19.05,19.05,26.19,26.19,27.38,32.14,32.14,32.14,30.95,33.33,33.33,27.38,27.38,,,,,,,,,,,,,,,,,,
5,5.5,5.5.1,SG_GEN_PARL,Proportion of seats held by women in national parliaments (% of total number of seats),226,Equatorial Guinea,G,FEMALE,PERCENT,5.00,5.00,5.00,5.00,5.00,18.00,18.00,18.00,18.00,6.00,10.00,10.00,10.00,10.00,24.00,24.00,24.00,24.00,20.00,20.00,21.00,23,22,31,,,,,,,,,,,,,,,,,,
5,5.5,5.5.1,SG_GEN_PARL,Proportion of seats held by women in national parliaments (% of total number of seats),232,Eritrea,G,FEMALE,PERCENT,14.67,14.67,14.67,22.00,22.00,22.00,22.00,22.00,22.00,22.00,22.00,22.00,22.00,22.00,22.00,22.00,22.00,22.00,22.00,22.00,,NaN,NaN,NaN,,,,,,,,,,,,,,,,,,
5,5.5,5.5.1,SG_GEN_PARL,Proportion of seats held by women in national parliaments (% of total number of seats),233,Estonia,G,FEMALE,PERCENT,17.82,17.82,17.82,17.82,18.81,18.81,18.81,18.81,20.79,20.79,22.77,22.77,19.80,20.79,19.00,19.80,23.76,26.73,26.73,28.71,28.71,27.72,25.74,27.72,,,,,,,,,,,,,,,,,,
5,5.5,5.5.1,SG_GEN_PARL,Proportion of seats held by women in national parliaments (% of total number of seats),748,Eswatini,G,FEMALE,PERCENT,3.08,3.08,3.08,3.08,10.77,10.77,10.77,10.77,10.77,13.85,13.64,13.64,13.64,13.64,6.15,6.15,6.15,6.15,6.15,7.25,9.59,9.59,12.16,14.86,,,,,,,,,,,,,,,,,,
5,5.5,5.5.1,SG_GEN_PARL,Proportion of seats held by women in national parliaments (% of total number of seats),231,Ethiopia,G,FEMALE,PERCENT,2.03,7.69,7.68,7.68,7.68,7.68,21.43,21.93,21.93,21.93,21.93,27.79,27.79,27.79,27.79,27.79,38.76,38.76,38.76,38.76,38.76,38.76,41.49,41.31,,,,,,,,,,,,,,,,,,
5,5.5,5.5.1,SG_GEN_PARL,Proportion of seats held by women in national parliaments (% of total number of seats),242,Fiji,G,FEMALE,PERCENT,11.27,,5.71,5.71,5.71,8.45,8.45,,,,,,,,,14.00,16.00,16.00,16.00,19.61,19.61,21.57,19.61,10.91,,,,,,,,,,,,,,,,,,
5,5.5,5.5.1,SG_GEN_PARL,Proportion of seats held by women in national parliaments (% of total number of seats),246,Finland,G,FEMALE,PERCENT,37.00,36.50,36.50,36.50,37.50,37.50,37.50,38.00,41.50,41.50,40.00,40.00,42.50,42.50,42.50,42.50,41.50,42.00,42.00,41.50,46.00,46,45.5,45.5,,,,,,,,,,,,,,,,,,
5,5.5,5.5.1,SG_GEN_PARL,Proportion of seats held by women in national parliaments (% of total number of seats),250,France,G,FEMALE,PERCENT,10.92,10.92,10.92,12.20,12.20,12.20,12.20,12.20,18.20,18.20,18.89,18.89,18.89,26.86,26.17,26.17,26.17,25.82,38.99,39.69,39.51,39.51,39.51,37.78,,,,,,,,,,,,,,,,,,
5,5.5,5.5.1,SG_GEN_PARL,Proportion of seats held by women in national parliaments (% of total number of seats),266,Gabon,G,FEMALE,PERCENT,8.33,9.17,,9.24,9.24,9.24,9.24,12.50,16.67,16.67,14.66,14.66,15.79,15.79,15.00,14.17,14.17,17.09,17.09,17.91,14.79,16.2,15.38,14.69,,,,,,,,,,,,,,,,,,
5,5.5,5.5.1,SG_GEN_PARL,Proportion of seats held by women in national parliaments (% of total number of seats),270,Gambia,G,FEMALE,PERCENT,2.04,2.04,13.21,13.21,13.21,13.21,13.21,9.43,9.43,9.43,7.55,7.55,7.55,7.55,9.43,9.43,9.43,9.43,10.34,10.34,8.62,8.62,10.34,8.62,,,,,,,,,,,,,,,,,,
5,5.5,5.5.1,SG_GEN_PARL,Proportion of seats held by women in national parliaments (% of total number of seats),268,Georgia,G,FEMALE,PERCENT,7.23,7.23,7.23,7.23,7.23,9.36,9.36,9.36,9.36,6.00,5.11,6.52,6.57,12.00,12.00,11.33,11.33,16.00,16.00,14.77,14.09,20.67,19.05,18.44,,,,,,,,,,,,,,,,,,
5,5.5,5.5.1,SG_GEN_PARL,Proportion of seats held by women in national parliaments (% of total number of seats),276,Germany,G,FEMALE,PERCENT,30.94,30.94,31.68,32.17,32.17,32.78,31.76,31.60,31.65,32.19,32.80,32.80,32.90,32.90,36.45,36.45,36.45,36.98,30.75,30.89,31.17,31.45,34.92,35.05,,,,,,,,,,,,,,,,,,
5,5.5,5.5.1,SG_GEN_PARL,Proportion of seats held by women in national parliaments (% of total number of seats),288,Ghana,G,FEMALE,PERCENT,9.00,9.00,9.00,9.00,9.00,10.87,10.87,10.87,10.87,7.89,8.26,8.26,8.26,10.26,10.91,10.91,10.91,12.73,12.73,13.09,13.09,14.55,14.55,14.55,,,,,,,,,,,,,,,,,,
5,5.5,5.5.1,SG_GEN_PARL,Proportion of seats held by women in national parliaments (% of total number of seats),300,Greece,G,FEMALE,PERCENT,6.33,8.67,8.67,8.67,8.67,14.00,13.00,13.00,14.67,14.67,17.33,17.33,18.67,21.00,21.00,23.00,19.67,18.33,18.33,18.67,20.67,21.67,21,21,,,,,,,,,,,,,,,,,,
5,5.5,5.5.1,SG_GEN_PARL,Proportion of seats held by women in national parliaments (% of total number of seats),308,Grenada,G,FEMALE,PERCENT,26.67,26.67,26.67,26.67,26.67,26.67,26.67,26.67,26.67,13.33,13.33,13.33,13.33,13.33,33.33,33.33,33.33,33.33,33.33,46.67,46.67,46.67,46.67,31.25,,,,,,,,,,,,,,,,,,
5,5.5,5.5.1,SG_GEN_PARL,Proportion of seats held by women in national parliaments (% of total number of seats),320,Guatemala,G,FEMALE,PERCENT,7.08,8.85,8.85,8.85,8.23,8.23,8.23,8.23,12.03,12.03,12.03,12.03,13.29,13.29,13.29,13.29,13.92,12.66,12.66,18.99,18.99,19.38,19.38,19.38,,,,,,,,,,,,,,,,,,
5,5.5,5.5.1,SG_GEN_PARL,Proportion of seats held by women in national parliaments (% of total number of seats),324,Guinea,G,FEMALE,PERCENT,8.77,8.77,8.77,19.30,19.30,19.30,19.30,19.30,19.30,,,,,,21.93,21.93,21.93,21.93,21.93,22.81,22.81,16.67,29.63,29.63,,,,,,,,,,,,,,,,,,
5,5.5,5.5.1,SG_GEN_PARL,Proportion of seats held by women in national parliaments (% of total number of seats),624,Guinea-Bissau,G,FEMALE,PERCENT,7.84,7.84,7.84,7.84,,14.00,14.00,14.00,14.00,10.00,10.00,10.00,10.00,14.00,11.00,13.73,13.73,13.73,13.73,13.73,13.73,13.73,13.73,13.73,,,,,,,,,,,,,,,,,,
5,5.5,5.5.1,SG_GEN_PARL,Proportion of seats held by women in national parliaments (% of total number of seats),328,Guyana,G,FEMALE,PERCENT,18.46,18.46,20.00,20.00,20.00,30.77,30.77,28.99,28.99,30.00,30.00,30.00,31.34,31.34,31.34,31.34,30.43,31.88,31.88,31.88,34.78,35.71,35.71,36.62,,,,,,,,,,,,,,,,,,
5,5.5,5.5.1,SG_GEN_PARL,Proportion of seats held by women in national parliaments (% of total number of seats),332,Haiti,G,FEMALE,PERCENT,3.61,3.61,3.61,3.61,3.61,3.61,3.61,4.08,4.08,4.08,4.08,11.11,4.21,4.21,4.21,4.21,0.00,2.56,2.54,2.54,2.54,NaN,NaN,NaN,,,,,,,,,,,,,,,,,,
5,5.5,5.5.1,SG_GEN_PARL,Proportion of seats held by women in national parliaments (% of total number of seats),340,Honduras,G,FEMALE,PERCENT,9.38,9.38,9.38,5.47,5.47,5.47,23.44,23.44,23.44,23.44,17.97,17.97,19.53,19.53,25.78,25.78,25.78,25.78,21.09,21.09,21.09,21.09,27.34,27.34,,,,,,,,,,,,,,,,,,
5,5.5,5.5.1,SG_GEN_PARL,Proportion of seats held by women in national parliaments (% of total number of seats),348,Hungary,G,FEMALE,PERCENT,8.29,8.29,8.29,9.84,9.84,9.09,9.09,10.36,11.14,11.14,11.14,9.07,8.81,8.81,9.38,10.10,10.10,10.05,10.05,12.56,12.06,12.56,13.07,13.07,,,,,,,,,,,,,,,,,,
5,5.5,5.5.1,SG_GEN_PARL,Proportion of seats held by women in national parliaments (% of total number of seats),352,Iceland,G,FEMALE,PERCENT,34.92,34.92,34.92,34.92,30.16,30.16,33.33,33.33,33.33,33.33,42.86,42.86,39.68,39.68,39.68,41.27,41.27,47.62,38.10,38.10,38.10,39.68,47.62,47.62,,,,,,,,,,,,,,,,,,
5,5.5,5.5.1,SG_GEN_PARL,Proportion of seats held by women in national parliaments (% of total number of seats),356,India,G,FEMALE,PERCENT,9.02,9.01,8.84,8.84,8.84,8.29,8.26,8.26,9.06,9.06,10.83,10.83,11.01,11.01,11.38,11.97,11.97,11.81,11.81,12.60,14.36,14.44,14.94,15.13,,,,,,,,,,,,,,,,,,
5,5.5,5.5.1,SG_GEN_PARL,Proportion of seats held by women in national parliaments (% of total number of seats),360,Indonesia,G,FEMALE,PERCENT,8.00,8.00,8.00,8.00,8.00,11.27,11.27,11.27,11.64,11.64,18.04,18.04,18.21,18.57,18.57,17.12,17.12,19.82,19.82,18.21,20.35,21.04,21.91,21.57,,,,,,,,,,,,,,,,,,
5,5.5,5.5.1,SG_GEN_PARL,Proportion of seats held by women in national parliaments (% of total number of seats),364,Iran (Islamic Republic of),G,FEMALE,PERCENT,4.89,3.45,3.45,4.14,4.14,4.14,4.14,4.14,4.14,2.80,2.76,2.76,2.76,3.10,3.10,3.10,3.10,5.88,5.88,5.88,5.88,5.59,5.59,5.59,,,,,,,,,,,,,,,,,,
5,5.5,5.5.1,SG_GEN_PARL,Proportion of seats held by women in national parliaments (% of total number of seats),368,Iraq,G,FEMALE,PERCENT,6.40,7.60,7.60,7.60,,,25.45,25.45,25.45,25.45,25.45,25.23,25.23,25.23,25.23,26.52,26.52,25.30,25.30,25.23,26.44,26.44,28.88,28.88,,,,,,,,,,,,,,,,,,
5,5.5,5.5.1,SG_GEN_PARL,Proportion of seats held by women in national parliaments (% of total number of seats),372,Ireland,G,FEMALE,PERCENT,12.05,12.05,12.05,13.25,13.25,13.25,13.25,13.25,13.25,13.25,13.94,13.94,15.06,15.06,15.66,16.27,16.27,22.15,22.15,22.15,20.89,22.5,23.12,23.12,,,,,,,,,,,,,,,,,,
5,5.5,5.5.1,SG_GEN_PARL,Proportion of seats held by women in national parliaments (% of total number of seats),376,Israel,G,FEMALE,PERCENT,11.67,12.50,13.33,15.00,15.00,15.00,15.00,14.17,14.17,14.17,19.17,19.17,20.00,21.67,22.50,22.50,26.67,27.50,27.50,29.17,23.33,26.67,30,24.17,,,,,,,,,,,,,,,,,,
5,5.5,5.5.1,SG_GEN_PARL,Proportion of seats held by women in national parliaments (% of total number of seats),380,Italy,G,FEMALE,PERCENT,11.11,11.11,9.84,11.49,11.49,11.53,11.53,17.30,17.30,21.27,21.27,21.27,21.59,21.43,31.43,30.95,30.95,30.95,30.95,35.71,35.71,35.71,36.25,32.25,,,,,,,,,,,,,,,,,,
5,5.5,5.5.1,SG_GEN_PARL,Proportion of seats held by women in national parliaments (% of total number of seats),388,Jamaica,G,FEMALE,PERCENT,13.33,13.33,13.33,11.67,11.67,11.67,11.67,11.67,13.33,13.33,13.33,13.33,12.70,12.70,12.70,12.70,12.70,17.46,17.46,17.46,17.46,28.57,28.57,28.57,,,,,,,,,,,,,,,,,,
5,5.5,5.5.1,SG_GEN_PARL,Proportion of seats held by women in national parliaments (% of total number of seats),392,Japan,G,FEMALE,PERCENT,4.60,7.29,7.29,7.29,7.08,7.08,8.96,9.38,9.38,9.38,11.25,11.25,10.83,7.92,8.13,9.47,9.47,9.26,10.11,10.15,9.91,9.91,9.68,9.96,,,,,,,,,,,,,,,,,,
5,5.5,5.5.1,SG_GEN_PARL,Proportion of seats held by women in national parliaments (% of total number of seats),400,Jordan,G,FEMALE,PERCENT,0.00,0.00,1.25,1.25,5.45,5.45,5.45,5.45,6.36,6.36,6.36,10.83,10.83,12.00,12.00,12.00,12.00,15.38,15.38,15.38,15.38,11.54,12.31,12.31,,,,,,,,,,,,,,,,,,
5,5.5,5.5.1,SG_GEN_PARL,Proportion of seats held by women in national parliaments (% of total number of seats),398,Kazakhstan,G,FEMALE,PERCENT,10.39,10.39,10.39,10.39,10.39,10.39,10.39,10.39,15.89,15.89,17.76,17.76,24.30,24.30,25.22,26.17,26.17,27.10,27.10,27.10,27.10,27.1,27.36,27.36,,,,,,,,,,,,,,,,,,
5,5.5,5.5.1,SG_GEN_PARL,Proportion of seats held by women in national parliaments (% of total number of seats),404,Kenya,G,FEMALE,PERCENT,3.57,3.57,3.57,7.14,7.14,7.14,7.14,7.31,7.25,9.82,9.82,9.82,9.82,9.82,19.14,19.71,19.71,19.43,21.78,21.78,21.78,21.61,21.43,23.28,,,,,,,,,,,,,,,,,,
5,5.5,5.5.1,SG_GEN_PARL,Proportion of seats held by women in national parliaments (% of total number of seats),296,Kiribati,G,FEMALE,PERCENT,4.88,4.88,4.76,4.76,4.76,4.76,4.76,7.14,4.35,4.35,4.35,4.35,8.70,8.70,8.70,8.70,6.52,6.52,6.52,6.52,6.52,6.67,6.67,6.67,,,,,,,,,,,,,,,,,,
5,5.5,5.5.1,SG_GEN_PARL,Proportion of seats held by women in national parliaments (% of total number of seats),414,Kuwait,G,FEMALE,PERCENT,0.00,0.00,0.00,0.00,0.00,0.00,1.54,1.54,1.54,3.08,7.69,7.69,7.69,6.15,4.62,1.54,1.54,3.08,3.08,4.62,6.35,1.54,1.61,6.25,,,,,,,,,,,,,,,,,,
5,5.5,5.5.1,SG_GEN_PARL,Proportion of seats held by women in national parliaments (% of total number of seats),417,Kyrgyzstan,G,FEMALE,PERCENT,1.43,2.33,10.00,10.00,10.00,10.00,0.00,0.00,25.56,25.56,25.56,23.33,23.33,23.33,23.33,23.33,19.17,19.17,19.17,19.17,19.17,17.09,20.45,20,,,,,,,,,,,,,,,,,,
5,5.5,5.5.1,SG_GEN_PARL,Proportion of seats held by women in national parliaments (% of total number of seats),418,Lao People's Democratic Republic,G,FEMALE,PERCENT,21.21,21.21,21.21,22.94,22.94,22.94,22.94,25.22,25.22,25.22,25.22,25.22,25.00,25.00,25.00,25.00,25.00,27.52,27.52,27.52,27.52,27.52,21.95,21.95,,,,,,,,,,,,,,,,,,
5,5.5,5.5.1,SG_GEN_PARL,Proportion of seats held by women in national parliaments (% of total number of seats),428,Latvia,G,FEMALE,PERCENT,17.00,17.00,17.00,21.00,21.00,21.00,21.00,19.00,20.00,20.00,22.00,20.00,23.00,23.00,25.00,18.00,18.00,16.00,16.00,31.00,30.00,29,27,29,,,,,,,,,,,,,,,,,,
5,5.5,5.5.1,SG_GEN_PARL,Proportion of seats held by women in national parliaments (% of total number of seats),422,Lebanon,G,FEMALE,PERCENT,2.34,2.34,2.34,2.34,2.34,2.34,4.69,4.69,4.69,4.69,3.13,3.13,3.13,3.13,3.13,3.13,3.13,3.13,3.13,4.69,4.69,4.69,4.69,6.25,,,,,,,,,,,,,,,,,,
5,5.5,5.5.1,SG_GEN_PARL,Proportion of seats held by women in national parliaments (% of total number of seats),426,Lesotho,G,FEMALE,PERCENT,3.80,3.80,3.80,11.67,11.67,11.67,11.67,11.76,25.00,25.00,24.17,24.17,24.17,26.67,26.67,26.67,25.00,25.00,22.13,23.33,23.33,23.33,24.35,26.45,,,,,,,,,,,,,,,,,,
5,5.5,5.5.1,SG_GEN_PARL,Proportion of seats held by women in national parliaments (% of total number of seats),430,Liberia,G,FEMALE,PERCENT,7.81,7.81,7.81,7.81,7.81,5.26,12.50,12.50,12.50,12.50,12.50,12.50,9.59,10.96,10.96,10.96,10.96,12.33,9.86,12.33,12.33,10.96,10.96,10.96,,,,,,,,,,,,,,,,,,
5,5.5,5.5.1,SG_GEN_PARL,Proportion of seats held by women in national parliaments (% of total number of seats),434,Libya,G,FEMALE,PERCENT,,,,,,,4.74,7.69,7.69,7.69,7.69,7.69,7.69,16.50,16.50,15.96,15.96,15.96,15.96,15.96,15.96,15.96,16.47,16.47,,,,,,,,,,,,,,,,,,
5,5.5,5.5.1,SG_GEN_PARL,Proportion of seats held by women in national parliaments (% of total number of seats),438,Liechtenstein,G,FEMALE,PERCENT,4.00,4.00,12.00,12.00,12.00,12.00,24.00,24.00,24.00,24.00,24.00,24.00,24.00,24.00,20.00,20.00,20.00,12.00,12.00,12.00,12.00,12,28,28,,,,,,,,,,,,,,,,,,
5,5.5,5.5.1,SG_GEN_PARL,Proportion of seats held by women in national parliaments (% of total number of seats),440,Lithuania,G,FEMALE,PERCENT,17.52,10.64,10.64,10.64,10.64,21.99,21.99,24.82,22.70,17.73,19.15,19.15,19.15,24.46,24.11,23.40,23.40,21.28,21.28,21.28,24.11,27.66,28.37,28.37,,,,,,,,,,,,,,,,,,
5,5.5,5.5.1,SG_GEN_PARL,Proportion of seats held by women in national parliaments (% of total number of seats),442,Luxembourg,G,FEMALE,PERCENT,16.67,16.67,16.67,16.67,16.67,23.33,23.33,23.33,23.33,23.33,20.00,20.00,25.00,21.67,28.33,28.33,28.33,28.33,28.33,25.00,30.00,31.67,33.33,35,,,,,,,,,,,,,,,,,,
5,5.5,5.5.1,SG_GEN_PARL,Proportion of seats held by women in national parliaments (% of total number of seats),450,Madagascar,G,FEMALE,PERCENT,8.00,8.00,8.00,3.75,3.75,6.88,6.88,6.88,7.87,7.87,,12.50,17.53,17.49,23.13,20.53,20.53,19.21,19.21,19.21,15.89,17.88,18.54,18.54,,,,,,,,,,,,,,,,,,
5,5.5,5.5.1,SG_GEN_PARL,Proportion of seats held by women in national parliaments (% of total number of seats),454,Malawi,G,FEMALE,PERCENT,8.29,9.33,9.33,9.33,9.33,13.99,13.61,13.61,12.95,12.95,20.83,20.83,22.28,22.28,22.28,16.67,16.67,16.67,16.67,16.67,22.92,22.92,22.92,20.73,,,,,,,,,,,,,,,,,,
5,5.5,5.5.1,SG_GEN_PARL,Proportion of seats held by women in national parliaments (% of total number of seats),458,Malaysia,G,FEMALE,PERCENT,7.25,10.36,10.36,10.36,10.47,9.13,9.13,9.13,10.05,10.81,9.91,9.91,10.41,10.41,10.36,10.36,10.36,10.36,10.36,14.41,14.41,14.86,15,13.51,,,,,,,,,,,,,,,,,,
5,5.5,5.5.1,SG_GEN_PARL,Proportion of seats held by women in national parliaments (% of total number of seats),462,Maldives,G,FEMALE,PERCENT,6.00,6.00,6.00,6.00,6.00,12.00,12.00,12.00,12.00,12.00,6.49,6.49,6.49,6.49,6.76,5.88,5.88,5.88,5.88,4.71,4.60,4.6,4.6,4.6,,,,,,,,,,,,,,,,,,
5,5.5,5.5.1,SG_GEN_PARL,Proportion of seats held by women in national parliaments (% of total number of seats),466,Mali,G,FEMALE,PERCENT,12.24,12.24,12.24,10.20,10.20,10.20,10.20,10.20,10.20,10.20,10.20,10.20,10.20,10.20,9.52,9.52,8.84,8.84,8.84,8.84,9.52,27.27,26.45,28.57,,,,,,,,,,,,,,,,,,
5,5.5,5.5.1,SG_GEN_PARL,Proportion of seats held by women in national parliaments (% of total number of seats),470,Malta,G,FEMALE,PERCENT,9.23,9.23,9.23,9.23,9.23,9.23,9.23,9.23,9.23,8.70,8.70,8.70,8.70,8.70,14.29,12.86,12.86,12.50,11.94,11.94,13.43,13.43,13.43,27.85,,,,,,,,,,,,,,,,,,
5,5.5,5.5.1,SG_GEN_PARL,Proportion of seats held by women in national parliaments (% of total number of seats),584,Marshall Islands,G,FEMALE,PERCENT,3.03,3.03,3.03,3.03,3.03,3.03,3.03,3.03,3.03,3.03,3.03,3.03,3.03,3.03,3.03,3.03,9.09,9.09,9.09,9.09,6.06,6.06,6.06,6.06,,,,,,,,,,,,,,,,,,
5,5.5,5.5.1,SG_GEN_PARL,Proportion of seats held by women in national parliaments (% of total number of seats),478,Mauritania,G,FEMALE,PERCENT,3.80,3.80,3.70,3.70,3.70,3.70,,17.89,22.11,22.11,22.11,22.11,22.11,22.11,25.17,25.17,25.17,25.17,25.17,20.26,20.26,20.26,20.26,20.26,,,,,,,,,,,,,,,,,,
5,5.5,5.5.1,SG_GEN_PARL,Proportion of seats held by women in national parliaments (% of total number of seats),480,Mauritius,G,FEMALE,PERCENT,7.58,5.71,5.71,5.71,5.71,5.71,17.14,17.14,17.14,17.14,17.14,18.84,18.84,18.84,18.84,11.59,11.59,11.59,11.59,11.59,20.00,20,20,20,,,,,,,,,,,,,,,,,,
5,5.5,5.5.1,SG_GEN_PARL,Proportion of seats held by women in national parliaments (% of total number of seats),484,Mexico,G,FEMALE,PERCENT,18.20,16.00,16.00,16.00,22.60,22.60,24.20,22.60,23.20,23.20,27.60,26.20,26.20,36.80,37.40,38.00,42.37,42.60,42.60,48.20,48.20,48.2,50,50,,,,,,,,,,,,,,,,,,
5,5.5,5.5.1,SG_GEN_PARL,Proportion of seats held by women in national parliaments (% of total number of seats),583,Micronesia (Federated States of),G,FEMALE,PERCENT,0.00,0.00,0.00,0.00,0.00,0.00,0.00,0.00,0.00,0.00,0.00,0.00,0.00,0.00,0.00,0.00,0.00,0.00,0.00,0.00,0.00,0,7.14,7.14,,,,,,,,,,,,,,,,,,
5,5.5,5.5.1,SG_GEN_PARL,Proportion of seats held by women in national parliaments (% of total number of seats),492,Monaco,G,FEMALE,PERCENT,22.22,22.22,22.22,22.22,20.83,20.83,20.83,20.83,20.83,25.00,26.09,26.09,19.05,19.05,20.83,20.83,20.83,20.83,20.83,33.33,33.33,33.33,33.33,36.36,,,,,,,,,,,,,,,,,,
5,5.5,5.5.1,SG_GEN_PARL,Proportion of seats held by women in national parliaments (% of total number of seats),496,Mongolia,G,FEMALE,PERCENT,7.89,10.53,10.53,10.53,10.53,6.76,6.67,6.58,6.58,4.05,3.95,3.95,3.95,14.86,14.86,14.86,14.47,17.11,17.11,17.11,17.33,17.33,17.11,17.11,,,,,,,,,,,,,,,,,,
5,5.5,5.5.1,SG_GEN_PARL,Proportion of seats held by women in national parliaments (% of total number of seats),499,Montenegro,G,FEMALE,PERCENT,,,,,,,,8.64,11.11,11.11,11.11,11.11,12.35,17.28,14.81,17.28,17.28,23.46,23.46,23.46,29.63,24.69,27.16,28.4,,,,,,,,,,,,,,,,,,
5,5.5,5.5.1,SG_GEN_PARL,Proportion of seats held by women in national parliaments (% of total number of seats),504,Morocco,G,FEMALE,PERCENT,0.62,0.62,0.62,10.77,10.77,10.77,10.77,10.77,10.46,10.46,10.46,10.46,16.96,16.96,16.96,16.96,16.96,20.51,20.51,20.51,20.51,20.51,24.05,24.3,,,,,,,,,,,,,,,,,,
5,5.5,5.5.1,SG_GEN_PARL,Proportion of seats held by women in national parliaments (% of total number of seats),508,Mozambique,G,FEMALE,PERCENT,30.00,30.00,30.00,30.00,30.00,34.80,34.80,34.80,34.80,34.80,39.20,39.20,39.20,39.20,39.20,39.60,39.60,39.60,39.60,39.60,41.20,42.4,42.4,43.2,,,,,,,,,,,,,,,,,,
5,5.5,5.5.1,SG_GEN_PARL,Proportion of seats held by women in national parliaments (% of total number of seats),104,Myanmar,G,FEMALE,PERCENT,,,,,,,,,,,,4.29,3.54,6.03,5.59,6.19,9.93,10.16,10.16,11.32,11.11,15.29,15.29,NaN,,,,,,,,,,,,,,,,,,
5,5.5,5.5.1,SG_GEN_PARL,Proportion of seats held by women in national parliaments (% of total number of seats),516,Namibia,G,FEMALE,PERCENT,22.22,25.00,25.00,26.39,26.39,25.00,26.92,26.92,26.92,26.92,26.87,24.36,24.36,24.36,25.64,41.35,41.35,41.35,46.15,46.15,42.71,44.23,44.23,44.23,,,,,,,,,,,,,,,,,,
5,5.5,5.5.1,SG_GEN_PARL,Proportion of seats held by women in national parliaments (% of total number of seats),520,Nauru,G,FEMALE,PERCENT,0.00,0.00,0.00,0.00,0.00,0.00,0.00,0.00,0.00,0.00,0.00,0.00,0.00,0.00,5.26,5.26,5.26,10.53,10.53,10.53,10.53,10.53,10.53,10.53,,,,,,,,,,,,,,,,,,
5,5.5,5.5.1,SG_GEN_PARL,Proportion of seats held by women in national parliaments (% of total number of seats),524,Nepal,G,FEMALE,PERCENT,5.85,5.85,5.85,,,,,17.33,17.33,33.17,33.17,33.17,33.17,33.17,29.91,29.48,29.55,29.58,32.70,32.73,32.73,32.73,33.58,33.09,,,,,,,,,,,,,,,,,,
5,5.5,5.5.1,SG_GEN_PARL,Proportion of seats held by women in national parliaments (% of total number of seats),528,Netherlands,G,FEMALE,PERCENT,36.00,36.00,36.00,36.67,36.67,36.67,36.67,36.67,39.33,41.33,42.00,40.67,40.67,38.67,38.67,37.33,37.33,38.00,36.00,31.33,33.33,33.33,40.67,40.67,,,,,,,,,,,,,,,,,,
5,5.5,5.5.1,SG_GEN_PARL,Proportion of seats held by women in national parliaments (% of total number of seats),554,New Zealand,G,FEMALE,PERCENT,29.17,30.83,30.83,29.17,28.33,28.33,32.23,32.23,33.06,33.61,33.61,33.61,32.23,32.23,33.88,31.41,31.41,34.17,38.33,40.00,40.83,48.33,49.17,50,,,,,,,,,,,,,,,,,,
5,5.5,5.5.1,SG_GEN_PARL,Proportion of seats held by women in national parliaments (% of total number of seats),558,Nicaragua,G,FEMALE,PERCENT,9.68,9.68,20.65,20.65,20.65,20.65,20.65,18.48,18.48,18.48,20.65,20.65,40.22,40.22,40.22,39.13,41.30,45.65,45.65,44.57,47.25,48.35,50.55,51.65,,,,,,,,,,,,,,,,,,
5,5.5,5.5.1,SG_GEN_PARL,Proportion of seats held by women in national parliaments (% of total number of seats),562,Niger,G,FEMALE,PERCENT,1.20,1.20,1.20,1.20,1.20,12.39,12.39,12.39,12.39,12.39,9.73,,13.27,13.27,13.27,13.27,13.27,16.96,16.96,16.96,16.96,25.9,25.9,30.72,,,,,,,,,,,,,,,,,,
5,5.5,5.5.1,SG_GEN_PARL,Proportion of seats held by women in national parliaments (% of total number of seats),566,Nigeria,G,FEMALE,PERCENT,,3.42,3.42,3.42,6.67,4.72,6.39,6.11,6.98,6.98,6.98,6.98,6.82,6.67,6.67,6.67,5.56,5.56,5.56,5.57,3.43,3.61,3.61,3.61,,,,,,,,,,,,,,,,,,
5,5.5,5.5.1,SG_GEN_PARL,Proportion of seats held by women in national parliaments (% of total number of seats),807,North Macedonia,G,FEMALE,PERCENT,7.50,6.67,6.67,18.33,18.33,19.17,19.17,28.33,29.17,31.67,32.50,32.50,30.89,32.52,34.15,33.33,33.33,31.67,37.50,38.33,40.00,39.17,41.67,41.67,,,,,,,,,,,,,,,,,,
5,5.5,5.5.1,SG_GEN_PARL,Proportion of seats held by women in national parliaments (% of total number of seats),578,Norway,G,FEMALE,PERCENT,36.36,36.36,35.76,36.36,36.36,38.18,37.87,37.87,36.09,36.09,39.65,39.65,39.65,39.65,39.65,39.65,39.65,39.65,41.42,40.83,41.42,44.38,44.97,46.15,,,,,,,,,,,,,,,,,,
5,5.5,5.5.1,SG_GEN_PARL,Proportion of seats held by women in national parliaments (% of total number of seats),512,Oman,G,FEMALE,PERCENT,,,,,,2.41,2.41,2.41,0.00,0.00,0.00,0.00,1.19,1.19,1.19,1.19,1.18,1.18,1.18,1.18,2.33,2.33,2.33,2.33,,,,,,,,,,,,,,,,,,
5,5.5,5.5.1,SG_GEN_PARL,Proportion of seats held by women in national parliaments (% of total number of seats),586,Pakistan,G,FEMALE,PERCENT,,,,21.64,21.64,21.35,21.35,21.35,21.05,22.49,22.22,22.22,22.51,22.51,20.74,20.74,20.59,20.59,20.59,20.23,20.18,20.18,20.47,20.47,,,,,,,,,,,,,,,,,,
5,5.5,5.5.1,SG_GEN_PARL,Proportion of seats held by women in national parliaments (% of total number of seats),585,Palau,G,FEMALE,PERCENT,0.00,0.00,0.00,0.00,0.00,0.00,0.00,0.00,0.00,0.00,0.00,0.00,0.00,0.00,0.00,0.00,0.00,12.50,12.50,12.50,12.50,6.25,6.25,6.25,,,,,,,,,,,,,,,,,,
5,5.5,5.5.1,SG_GEN_PARL,Proportion of seats held by women in national parliaments (% of total number of seats),591,Panama,G,FEMALE,PERCENT,9.72,9.86,9.86,9.86,9.86,16.67,16.67,16.67,16.67,16.67,8.45,8.45,8.45,8.45,8.45,19.30,18.31,18.31,18.31,18.31,22.54,22.54,22.54,22.54,,,,,,,,,,,,,,,,,,
5,5.5,5.5.1,SG_GEN_PARL,Proportion of seats held by women in national parliaments (% of total number of seats),598,Papua New Guinea,G,FEMALE,PERCENT,1.83,1.83,1.83,0.92,0.92,0.92,0.92,0.92,0.92,0.92,0.92,0.92,0.92,2.70,2.70,2.70,2.70,2.70,0.00,0.00,0.00,0,0,1.74,,,,,,,,,,,,,,,,,,
5,5.5,5.5.1,SG_GEN_PARL,Proportion of seats held by women in national parliaments (% of total number of seats),600,Paraguay,G,FEMALE,PERCENT,2.50,2.50,2.50,2.50,10.00,10.00,10.00,10.00,10.00,12.50,12.50,12.50,12.50,12.50,15.00,15.00,15.00,13.75,13.75,15.00,16.25,15,17.5,18.75,,,,,,,,,,,,,,,,,,
5,5.5,5.5.1,SG_GEN_PARL,Proportion of seats held by women in national parliaments (% of total number of seats),604,Peru,G,FEMALE,PERCENT,10.83,20.00,18.33,18.33,18.33,18.33,18.33,29.17,29.17,29.17,27.50,27.50,21.54,21.54,22.31,22.31,22.31,27.69,27.69,30.00,30.00,26.15,40,38.76,,,,,,,,,,,,,,,,,,
5,5.5,5.5.1,SG_GEN_PARL,Proportion of seats held by women in national parliaments (% of total number of seats),608,Philippines,G,FEMALE,PERCENT,12.44,11.26,17.76,17.76,17.76,15.25,15.68,15.25,20.50,20.50,20.97,22.14,22.89,22.89,27.34,27.24,27.24,29.45,29.45,29.45,27.96,27.96,27.69,27.33,,,,,,,,,,,,,,,,,,
5,5.5,5.5.1,SG_GEN_PARL,Proportion of seats held by women in national parliaments (% of total number of seats),616,Poland,G,FEMALE,PERCENT,13.04,13.04,20.22,20.22,20.22,20.22,20.43,20.43,20.43,20.22,20.00,20.00,23.70,23.70,24.35,24.13,27.39,28.04,28.04,29.13,28.70,28.32,28.26,28.26,,,,,,,,,,,,,,,,,,
5,5.5,5.5.1,SG_GEN_PARL,Proportion of seats held by women in national parliaments (% of total number of seats),620,Portugal,G,FEMALE,PERCENT,18.70,17.39,18.70,19.13,19.13,19.13,21.30,21.30,28.26,28.26,27.39,27.39,28.70,28.70,31.30,31.30,34.78,34.78,34.78,35.65,40.00,40,40,36.09,,,,,,,,,,,,,,,,,,
5,5.5,5.5.1,SG_GEN_PARL,Proportion of seats held by women in national parliaments (% of total number of seats),634,Qatar,G,FEMALE,PERCENT,,,,,,,0.00,0.00,0.00,0.00,0.00,0.00,0.00,0.00,0.00,0.00,0.00,0.00,9.76,9.76,9.76,9.76,4.44,4.44,,,,,,,,,,,,,,,,,,
5,5.5,5.5.1,SG_GEN_PARL,Proportion of seats held by women in national parliaments (% of total number of seats),410,Republic of Korea,G,FEMALE,PERCENT,3.68,5.86,5.86,5.86,5.54,13.04,13.38,13.38,14.38,13.71,14.72,14.72,14.72,15.67,15.67,16.33,16.33,17.00,17.00,17.11,17.29,19,18.64,19.06,,,,,,,,,,,,,,,,,,
5,5.5,5.5.1,SG_GEN_PARL,Proportion of seats held by women in national parliaments (% of total number of seats),498,Republic of Moldova,G,FEMALE,PERCENT,8.91,7.92,12.87,12.87,12.87,15.84,21.78,21.78,21.78,21.78,23.76,18.81,19.80,19.80,18.81,20.79,21.78,22.77,22.77,22.77,24.75,24.75,40.59,38.61,,,,,,,,,,,,,,,,,,
5,5.5,5.5.1,SG_GEN_PARL,Proportion of seats held by women in national parliaments (% of total number of seats),642,Romania,G,FEMALE,PERCENT,7.29,10.72,10.72,10.72,10.72,11.45,11.18,11.18,9.39,11.38,11.38,11.38,11.21,13.35,13.51,13.72,13.72,20.67,20.67,20.67,21.88,18.54,19.09,19.09,,,,,,,,,,,,,,,,,,
5,5.5,5.5.1,SG_GEN_PARL,Proportion of seats held by women in national parliaments (% of total number of seats),643,Russian Federation,G,FEMALE,PERCENT,7.71,7.71,7.57,7.57,9.78,9.84,9.84,9.84,14.00,14.00,14.00,14.00,13.56,13.56,13.56,13.56,13.56,15.78,15.78,15.78,15.78,15.78,16.22,16.44,,,,,,,,,,,,,,,,,,
5,5.5,5.5.1,SG_GEN_PARL,Proportion of seats held by women in national parliaments (% of total number of seats),646,Rwanda,G,FEMALE,PERCENT,17.14,25.71,25.68,25.68,48.75,48.75,48.75,48.75,48.75,56.25,56.25,56.25,56.25,56.25,63.75,63.75,63.75,61.25,61.25,61.25,61.25,61.25,61.25,61.25,,,,,,,,,,,,,,,,,,
5,5.5,5.5.1,SG_GEN_PARL,Proportion of seats held by women in national parliaments (% of total number of seats),659,Saint Kitts and Nevis,G,FEMALE,PERCENT,13.33,13.33,13.33,13.33,13.33,0.00,0.00,0.00,6.67,6.67,6.67,6.67,6.67,6.67,6.67,6.67,13.33,13.33,13.33,13.33,20.00,25,25,31.25,,,,,,,,,,,,,,,,,,
5,5.5,5.5.1,SG_GEN_PARL,Proportion of seats held by women in national parliaments (% of total number of seats),662,Saint Lucia,G,FEMALE,PERCENT,11.11,11.11,11.11,11.11,11.11,11.11,11.11,5.56,11.11,11.11,11.11,11.11,16.67,16.67,16.67,16.67,16.67,16.67,16.67,16.67,16.67,16.67,11.11,11.11,,,,,,,,,,,,,,,,,,
5,5.5,5.5.1,SG_GEN_PARL,Proportion of seats held by women in national parliaments (% of total number of seats),670,Saint Vincent and the Grenadines,G,FEMALE,PERCENT,4.76,4.76,22.73,22.73,22.73,22.73,18.18,18.18,18.18,18.18,21.74,14.29,17.39,17.39,13.04,13.04,13.04,13.04,13.04,13.04,13.04,18.18,18.18,18.18,,,,,,,,,,,,,,,,,,
5,5.5,5.5.1,SG_GEN_PARL,Proportion of seats held by women in national parliaments (% of total number of seats),882,Samoa,G,FEMALE,PERCENT,8.16,8.16,6.12,6.12,6.12,6.12,6.12,6.12,8.16,8.16,8.16,8.16,4.08,4.08,4.08,6.12,6.12,10.00,10.00,10.00,10.00,10,7.84,12.96,,,,,,,,,,,,,,,,,,
5,5.5,5.5.1,SG_GEN_PARL,Proportion of seats held by women in national parliaments (% of total number of seats),674,San Marino,G,FEMALE,PERCENT,13.33,13.33,16.67,16.67,16.67,16.67,16.67,11.67,11.67,15.00,16.67,16.67,18.33,16.67,18.33,16.67,16.67,26.67,26.67,25.00,31.67,33.33,33.33,33.33,,,,,,,,,,,,,,,,,,
5,5.5,5.5.1,SG_GEN_PARL,Proportion of seats held by women in national parliaments (% of total number of seats),678,Sao Tome and Principe,G,FEMALE,PERCENT,9.09,9.09,9.09,9.09,9.09,9.09,9.09,7.27,1.82,7.27,7.27,18.18,18.18,18.18,18.18,18.18,18.18,18.18,18.18,14.55,14.55,23.64,23.64,14.55,,,,,,,,,,,,,,,,,,
5,5.5,5.5.1,SG_GEN_PARL,Proportion of seats held by women in national parliaments (% of total number of seats),682,Saudi Arabia,G,FEMALE,PERCENT,,,,,0.00,0.00,0.00,0.00,0.00,0.00,0.00,0.00,0.00,19.87,19.87,19.87,19.87,19.87,19.87,19.87,19.87,19.87,19.87,19.87,,,,,,,,,,,,,,,,,,
5,5.5,5.5.1,SG_GEN_PARL,Proportion of seats held by women in national parliaments (% of total number of seats),686,Senegal,G,FEMALE,PERCENT,12.14,12.14,16.67,19.17,19.17,19.17,19.17,19.17,22.00,22.00,22.67,22.67,22.67,42.67,43.33,42.67,42.67,42.67,41.82,41.82,43.03,43.03,42.68,46.06,,,,,,,,,,,,,,,,,,
5,5.5,5.5.1,SG_GEN_PARL,Proportion of seats held by women in national parliaments (% of total number of seats),688,Serbia,G,FEMALE,PERCENT,,,,,,,,20.40,20.40,21.60,21.60,21.60,22.00,33.20,33.60,34.00,34.00,34.40,34.40,37.65,37.65,39.2,40,34.8,,,,,,,,,,,,,,,,,,
5,5.5,5.5.1,SG_GEN_PARL,Proportion of seats held by women in national parliaments (% of total number of seats),891,Serbia and Montenegro [former],G,FEMALE,PERCENT,5.07,,7.25,7.25,7.94,7.94,7.94,,,,,,,,,,,,,,,,,,,,,,,,,,,,,,,,,,,
5,5.5,5.5.1,SG_GEN_PARL,Proportion of seats held by women in national parliaments (% of total number of seats),690,Seychelles,G,FEMALE,PERCENT,23.53,23.53,23.53,29.41,29.41,29.41,29.41,29.41,23.53,23.53,23.53,23.53,43.75,43.75,43.75,43.75,43.75,21.21,21.21,21.21,21.21,22.86,22.86,22.86,,,,,,,,,,,,,,,,,,
5,5.5,5.5.1,SG_GEN_PARL,Proportion of seats held by women in national parliaments (% of total number of seats),694,Sierra Leone,G,FEMALE,PERCENT,8.75,8.75,8.75,14.52,14.52,14.52,14.52,14.52,13.22,13.22,13.22,13.22,12.90,12.40,12.10,12.40,12.40,12.40,12.40,12.33,12.33,12.33,12.33,13.01,,,,,,,,,,,,,,,,,,
5,5.5,5.5.1,SG_GEN_PARL,Proportion of seats held by women in national parliaments (% of total number of seats),702,Singapore,G,FEMALE,PERCENT,4.30,6.45,11.76,11.76,15.96,15.96,15.96,24.47,24.47,24.47,23.40,23.40,22.22,24.24,25.25,25.25,23.08,23.76,23.00,23.00,24.00,29.47,29.13,29.13,,,,,,,,,,,,,,,,,,
5,5.5,5.5.1,SG_GEN_PARL,Proportion of seats held by women in national parliaments (% of total number of seats),703,Slovakia,G,FEMALE,PERCENT,12.67,14.00,14.00,19.33,19.33,16.67,16.67,20.00,19.33,19.33,18.00,15.33,16.00,18.67,18.67,18.67,18.67,20.00,20.00,20.00,20.67,22.67,21.33,22,,,,,,,,,,,,,,,,,,
5,5.5,5.5.1,SG_GEN_PARL,Proportion of seats held by women in national parliaments (% of total number of seats),705,Slovenia,G,FEMALE,PERCENT,7.78,12.22,12.22,12.22,12.22,12.22,12.22,12.22,12.22,13.33,14.44,14.44,32.22,32.22,33.33,36.67,36.67,36.67,36.67,24.44,27.78,26.67,28.89,37.78,,,,,,,,,,,,,,,,,,
5,5.5,5.5.1,SG_GEN_PARL,Proportion of seats held by women in national parliaments (% of total number of seats),90,Solomon Islands,G,FEMALE,PERCENT,2.04,2.04,0.00,0.00,0.00,0.00,0.00,0.00,0.00,0.00,0.00,0.00,0.00,2.00,2.00,2.00,2.00,2.00,2.00,2.04,6.12,8,8,8,,,,,,,,,,,,,,,,,,
5,5.5,5.5.1,SG_GEN_PARL,Proportion of seats held by women in national parliaments (% of total number of seats),706,Somalia,G,FEMALE,PERCENT,,,,,,,8.00,7.81,8.20,,6.86,6.78,6.78,13.82,13.82,13.82,13.82,24.24,24.36,24.36,24.36,24.36,24.36,19.71,,,,,,,,,,,,,,,,,,
5,5.5,5.5.1,SG_GEN_PARL,Proportion of seats held by women in national parliaments (% of total number of seats),710,South Africa,G,FEMALE,PERCENT,30.00,29.82,29.82,29.82,29.82,32.75,32.75,32.75,33.00,33.00,44.50,44.50,42.25,42.25,44.75,41.50,42.00,42.17,42.39,42.75,46.35,45.84,46.72,46.25,,,,,,,,,,,,,,,,,,
5,5.5,5.5.1,SG_GEN_PARL,Proportion of seats held by women in national parliaments (% of total number of seats),728,South Sudan,G,FEMALE,PERCENT,,,,,,,,,,,,,26.51,26.51,26.51,26.51,26.51,28.46,28.46,28.46,28.46,28.46,32.36,32.36,,,,,,,,,,,,,,,,,,
5,5.5,5.5.1,SG_GEN_PARL,Proportion of seats held by women in national parliaments (% of total number of seats),724,Spain,G,FEMALE,PERCENT,21.55,28.29,28.29,28.29,28.29,36.00,36.00,36.00,36.57,36.29,36.57,36.57,36.00,36.00,39.71,41.14,40.00,39.14,39.14,41.14,44.00,44,42.98,42.41,,,,,,,,,,,,,,,,,,
5,5.5,5.5.1,SG_GEN_PARL,Proportion of seats held by women in national parliaments (% of total number of seats),144,Sri Lanka,G,FEMALE,PERCENT,4.89,4.44,4.44,4.44,4.44,4.89,4.89,4.89,5.78,5.78,5.78,5.33,5.78,5.78,5.78,5.78,5.78,5.78,5.78,5.33,5.33,5.38,5.33,5.33,,,,,,,,,,,,,,,,,,
5,5.5,5.5.1,SG_GEN_PARL,Proportion of seats held by women in national parliaments (% of total number of seats),729,Sudan,G,FEMALE,PERCENT,,,,,,,,,,,,,24.58,24.58,24.29,24.29,30.52,30.52,30.52,27.65,,NaN,NaN,NaN,,,,,,,,,,,,,,,,,,
5,5.5,5.5.1,SG_GEN_PARL,Proportion of seats held by women in national parliaments (% of total number of seats),736,Sudan [former],G,FEMALE,PERCENT,8.75,8.75,9.72,9.72,9.72,9.72,14.67,17.78,18.06,18.06,18.92,25.56,,,,,,,,,,,,,,,,,,,,,,,,,,,,,,
5,5.5,5.5.1,SG_GEN_PARL,Proportion of seats held by women in national parliaments (% of total number of seats),740,Suriname,G,FEMALE,PERCENT,15.69,0.00,17.65,17.65,17.65,19.61,25.49,25.49,25.49,25.49,25.49,9.80,11.76,11.76,11.76,11.76,25.49,25.49,25.49,29.41,31.37,29.41,29.41,29.41,,,,,,,,,,,,,,,,,,
5,5.5,5.5.1,SG_GEN_PARL,Proportion of seats held by women in national parliaments (% of total number of seats),752,Sweden,G,FEMALE,PERCENT,42.69,42.69,42.69,45.27,45.27,45.27,45.27,47.28,46.99,46.99,46.42,44.99,44.70,44.70,44.99,43.55,43.55,43.55,43.55,47.28,46.99,46.99,46.13,46.42,,,,,,,,,,,,,,,,,,
5,5.5,5.5.1,SG_GEN_PARL,Proportion of seats held by women in national parliaments (% of total number of seats),756,Switzerland,G,FEMALE,PERCENT,22.50,23.00,23.00,23.00,25.00,25.00,25.00,25.00,28.50,28.50,29.00,29.00,28.50,29.00,31.00,30.50,32.00,32.50,32.50,32.50,41.50,42,42.5,41.71,,,,,,,,,,,,,,,,,,
5,5.5,5.5.1,SG_GEN_PARL,Proportion of seats held by women in national parliaments (% of total number of seats),760,Syrian Arab Republic,G,FEMALE,PERCENT,10.40,10.40,10.40,10.40,12.00,12.00,12.00,12.00,12.00,12.40,12.40,12.40,12.40,12.00,12.00,12.40,12.40,13.20,13.20,13.20,12.40,11.2,11.2,10.8,,,,,,,,,,,,,,,,,,
5,5.5,5.5.1,SG_GEN_PARL,Proportion of seats held by women in national parliaments (% of total number of seats),762,Tajikistan,G,FEMALE,PERCENT,2.76,15.00,12.70,12.70,12.70,12.70,17.46,17.46,17.46,17.46,17.46,19.05,19.05,19.05,15.87,16.95,19.05,19.05,19.05,19.05,19.05,23.81,26.98,26.98,,,,,,,,,,,,,,,,,,
5,5.5,5.5.1,SG_GEN_PARL,Proportion of seats held by women in national parliaments (% of total number of seats),764,Thailand,G,FEMALE,PERCENT,5.60,9.20,9.20,9.20,9.20,8.83,10.80,8.68,11.74,11.67,13.32,13.32,15.80,15.80,15.80,6.09,6.09,4.86,4.80,5.42,16.20,15.75,15.75,16.63,,,,,,,,,,,,,,,,,,
5,5.5,5.5.1,SG_GEN_PARL,Proportion of seats held by women in national parliaments (% of total number of seats),626,Timor-Leste,G,FEMALE,PERCENT,,,,26.14,26.14,25.29,25.29,25.29,29.23,29.23,29.23,29.23,32.31,38.46,38.46,38.46,38.46,38.46,32.31,40.00,38.46,38.46,40,40,,,,,,,,,,,,,,,,,,
5,5.5,5.5.1,SG_GEN_PARL,Proportion of seats held by women in national parliaments (% of total number of seats),768,Togo,G,FEMALE,PERCENT,4.94,4.94,4.94,7.41,7.41,6.17,7.41,8.64,11.11,11.11,11.11,11.11,11.11,11.11,16.48,17.58,17.58,17.58,17.58,16.48,18.68,18.68,18.68,19.78,,,,,,,,,,,,,,,,,,
5,5.5,5.5.1,SG_GEN_PARL,Proportion of seats held by women in national parliaments (% of total number of seats),776,Tonga,G,FEMALE,PERCENT,0.00,0.00,0.00,0.00,0.00,0.00,3.45,3.33,3.33,3.13,3.13,0.00,3.57,3.57,3.57,0.00,0.00,3.85,7.41,7.41,7.41,7.41,3.7,7.14,,,,,,,,,,,,,,,,,,
5,5.5,5.5.1,SG_GEN_PARL,Proportion of seats held by women in national parliaments (% of total number of seats),780,Trinidad and Tobago,G,FEMALE,PERCENT,11.11,16.67,16.67,19.44,19.44,19.44,19.44,19.44,26.83,26.83,26.83,28.57,28.57,28.57,28.57,28.57,30.95,30.95,30.95,30.95,30.95,26.19,26.19,28.57,,,,,,,,,,,,,,,,,,
5,5.5,5.5.1,SG_GEN_PARL,Proportion of seats held by women in national parliaments (% of total number of seats),788,Tunisia,G,FEMALE,PERCENT,11.54,11.54,11.54,11.54,11.54,22.75,22.75,22.75,22.75,22.75,27.57,27.57,26.73,26.73,28.11,31.34,31.34,31.34,31.34,35.94,24.88,26.27,26.27,NaN,,,,,,,,,,,,,,,,,,
5,5.5,5.5.1,SG_GEN_PARL,Proportion of seats held by women in national parliaments (% of total number of seats),792,Türkiye,G,FEMALE,PERCENT,4.18,4.18,4.18,4.36,4.36,4.36,4.36,4.36,9.11,9.11,9.11,9.11,14.18,14.18,14.42,14.42,14.91,14.91,14.57,17.45,17.32,17.33,17.35,17.41,,,,,,,,,,,,,,,,,,
5,5.5,5.5.1,SG_GEN_PARL,Proportion of seats held by women in national parliaments (% of total number of seats),795,Turkmenistan,G,FEMALE,PERCENT,26.00,26.00,26.00,26.00,26.00,,16.00,16.00,16.00,16.80,16.80,16.80,16.80,16.80,26.40,25.81,25.81,25.81,25.81,25.00,25.00,25,25.86,25.86,,,,,,,,,,,,,,,,,,
5,5.5,5.5.1,SG_GEN_PARL,Proportion of seats held by women in national parliaments (% of total number of seats),798,Tuvalu,G,FEMALE,PERCENT,0.00,0.00,0.00,0.00,0.00,0.00,0.00,0.00,0.00,0.00,0.00,0.00,6.67,6.67,6.67,6.67,6.67,6.67,6.67,6.67,6.25,6.25,6.25,6.25,,,,,,,,,,,,,,,,,,
5,5.5,5.5.1,SG_GEN_PARL,Proportion of seats held by women in national parliaments (% of total number of seats),800,Uganda,G,FEMALE,PERCENT,17.92,17.79,24.67,24.67,24.67,23.93,23.93,29.82,30.72,30.72,31.48,31.29,34.97,34.97,34.97,34.97,34.97,34.30,34.30,34.86,34.86,34.86,33.81,33.81,,,,,,,,,,,,,,,,,,
5,5.5,5.5.1,SG_GEN_PARL,Proportion of seats held by women in national parliaments (% of total number of seats),804,Ukraine,G,FEMALE,PERCENT,7.78,7.78,7.78,5.33,5.33,5.33,5.33,8.67,8.22,8.22,8.00,8.00,8.00,9.44,9.73,11.85,12.09,12.29,12.29,11.58,20.80,20.8,20.33,20.43,,,,,,,,,,,,,,,,,,
5,5.5,5.5.1,SG_GEN_PARL,Proportion of seats held by women in national parliaments (% of total number of seats),784,United Arab Emirates,G,FEMALE,PERCENT,0.00,0.00,0.00,0.00,0.00,0.00,0.00,22.50,22.50,22.50,22.50,22.50,17.50,17.50,17.50,17.50,22.50,20.00,22.50,22.50,50.00,50,50,50,,,,,,,,,,,,,,,,,,
5,5.5,5.5.1,SG_GEN_PARL,Proportion of seats held by women in national parliaments (% of total number of seats),826,United Kingdom of Great Britain and Northern Ireland,G,FEMALE,PERCENT,18.36,18.36,17.91,17.91,17.91,18.06,19.66,19.66,19.50,19.50,19.50,22.00,22.31,22.46,22.62,22.77,29.38,30.00,32.00,32.00,33.85,33.85,34.36,34.51,,,,,,,,,,,,,,,,,,
5,5.5,5.5.1,SG_GEN_PARL,Proportion of seats held by women in national parliaments (% of total number of seats),834,United Republic of Tanzania,G,FEMALE,PERCENT,22.18,22.18,22.26,22.26,21.36,21.36,30.41,30.41,30.41,30.41,30.65,36.00,36.00,36.00,36.00,36.00,36.56,36.39,37.18,36.90,36.90,36.72,36.86,37.4,,,,,,,,,,,,,,,,,,
5,5.5,5.5.1,SG_GEN_PARL,Proportion of seats held by women in national parliaments (% of total number of seats),840,United States of America,G,FEMALE,PERCENT,13.33,14.02,14.02,14.25,14.25,14.94,15.17,16.32,16.78,17.01,16.78,16.78,16.82,17.78,18.29,19.35,19.35,19.08,19.49,23.56,23.43,27.25,27.71,29.43,,,,,,,,,,,,,,,,,,
5,5.5,5.5.1,SG_GEN_PARL,Proportion of seats held by women in national parliaments (% of total number of seats),858,Uruguay,G,FEMALE,PERCENT,12.12,12.12,12.12,12.12,12.12,12.12,11.11,11.11,12.12,12.12,14.14,15.15,12.12,12.12,13.13,13.13,16.16,20.20,20.20,22.22,21.21,24.24,25.25,26.26,,,,,,,,,,,,,,,,,,
5,5.5,5.5.1,SG_GEN_PARL,Proportion of seats held by women in national parliaments (% of total number of seats),860,Uzbekistan,G,FEMALE,PERCENT,6.80,7.20,7.20,7.20,7.20,17.50,17.50,17.50,17.50,17.50,22.00,22.00,22.00,22.00,22.00,16.00,16.00,16.00,16.00,16.00,32.00,32.65,33.33,33.57,,,,,,,,,,,,,,,,,,
5,5.5,5.5.1,SG_GEN_PARL,Proportion of seats held by women in national parliaments (% of total number of seats),548,Vanuatu,G,FEMALE,PERCENT,0.00,0.00,0.00,1.92,1.92,3.85,3.85,3.85,3.85,3.85,3.85,3.85,1.92,0.00,0.00,0.00,0.00,0.00,0.00,0.00,0.00,0,0,1.92,,,,,,,,,,,,,,,,,,
5,5.5,5.5.1,SG_GEN_PARL,Proportion of seats held by women in national parliaments (% of total number of seats),862,Venezuela (Bolivarian Republic of),G,FEMALE,PERCENT,12.14,9.70,9.70,9.70,9.70,9.70,17.37,17.96,18.56,18.56,17.47,16.97,16.97,16.97,16.97,16.97,14.37,22.16,22.16,22.16,22.16,22.16,NaN,NaN,,,,,,,,,,,,,,,,,,
5,5.5,5.5.1,SG_GEN_PARL,Proportion of seats held by women in national parliaments (% of total number of seats),704,Viet Nam,G,FEMALE,PERCENT,26.00,26.00,26.00,27.31,27.31,27.31,27.31,27.31,25.76,25.76,25.76,25.76,24.40,24.40,24.30,24.30,24.30,26.72,26.72,26.72,26.72,26.72,30.26,30.26,,,,,,,,,,,,,,,,,,
5,5.5,5.5.1,SG_GEN_PARL,Proportion of seats held by women in national parliaments (% of total number of seats),887,Yemen,G,FEMALE,PERCENT,0.66,0.66,0.67,0.67,0.33,0.33,0.33,0.33,0.33,0.33,0.33,0.33,0.33,0.33,0.33,0.33,0.00,0.00,0.00,0.33,0.33,0.33,0,0,,,,,,,,,,,,,,,,,,
5,5.5,5.5.1,SG_GEN_PARL,Proportion of seats held by women in national parliaments (% of total number of seats),894,Zambia,G,FEMALE,PERCENT,10.13,10.13,12.03,12.03,12.03,12.03,12.66,14.65,15.19,15.19,14.01,14.01,11.47,11.47,10.76,12.66,12.66,17.96,17.96,17.96,16.77,16.77,15.06,14.97,,,,,,,,,,,,,,,,,,
5,5.5,5.5.1,SG_GEN_PARL,Proportion of seats held by women in national parliaments (% of total number of seats),716,Zimbabwe,G,FEMALE,PERCENT,14.00,9.33,10.00,10.00,10.00,10.00,16.00,16.67,16.00,15.24,14.95,14.95,14.95,14.95,31.48,31.48,31.48,32.59,33.20,31.85,31.85,31.85,30.57,30.57,,,,,,,,,,,,,,,,,,
